,Lunes,Martes,Miércoles,Jueves,Viernes
1ª,PROGRAMACIÓN (Luis),PROGRAMACIÓN (Luis),BASES DE DATOS (Luis),PROGRAMACIÓN (Luis),ITINERARIO PERSONAL PARA LA EMPLEABILIDAD (José)
2ª,PROGRAMACIÓN (Luis),BASES DE DATOS (Luis),PROGRAMACIÓN (Luis),BASES DE DATOS (Luis),SISTEMAS INFORMÁTICOS (Diego)
3ª,PROGRAMACIÓN (Luis),SISTEMAS INFORMÁTICOS (Diego),DIGITALIZACIÓN DE SECTORES PRODUCTIVOS (Carlos),SISTEMAS INFORMÁTICOS (Diego),BASES DE DATOS (Luis)
4ª,BASES DE DATOS (Luis),SISTEMAS INFORMÁTICOS (Diego),DIGITALIZACIÓN DE SECTORES PRODUCTIVOS (Carlos),ITINERARIO PERSONAL PARA LA EMPLEABILIDAD (José),PROGRAMACIÓN (Luis)
5ª,BASES DE DATOS (Luis),ENTORNOS DE DESARROLLO (Fernando),LENGUAJES DE MARCAS Y SISTEMAS DE INFORMACIÓN (Fernando),INGLÉS TÉCNICO PARA EL DESARROLLO DE APLICACIONES (Fernando),ENTORNOS DE DESARROLLO (Fernando)
6ª,PROGRAMACIÓN (Luis),LENGUAJES DE MARCAS Y SISTEMAS DE INFORMACIÓN (Fernando),ENTORNOS DE DESARROLLO (Fernando),INGLÉS TÉCNICO PARA EL DESARROLLO DE APLICACIONES (Fernando),LENGUAJES DE MARCAS Y SISTEMAS DE INFORMACIÓN (Fernando)
